<?xml version="1.0" encoding="UTF-8"?>
<beans xmlns="http://www.springframework.org/schema/beans"
	xmlns:xsi="http://www.w3.org/2001/XMLSchema-instance"
	xmlns:p="http://www.springframework.org/schema/p"
	xmlns:context="http://www.springframework.org/schema/context"
	xsi:schemaLocation="http://www.springframework.org/schema/beans http://www.springframework.org/schema/beans/spring-beans-3.0.xsd
		http://www.springframework.org/schema/context http://www.springframework.org/schema/context/spring-context-3.0.xsd">

<!--// 기본 설정(속성 위주) 
	<bean id="tv" 
	      class="polymorphism2.SamsungTV"
	      init-method="멤버변수초기화"
	      destroy-method="자원해제"
	      lazy-init="true"></bean>
	
	// 생성자 인젝션(Constructor Injection)
	<bean id="speaker" class="polymorphism2.AppleSpeaker"></bean>
	
	<bean id="tv" class="polymorphism2.GoogleTV">
		<constructor-arg ref="speaker"></constructor-arg>
		<constructor-arg value="1200000"></constructor-arg>
	</bean>
	
	// 세터 인젝션(Setter Injection)
	<bean id="speaker" class="polymorphism2.AppleSpeaker"></bean>
	
	<bean id="tv" class="polymorphism2.GoogleTV">
		<property name="speaker" ref="speaker"></property>
		<property name="price" value="1700000"></property>
	</bean>


	<bean id="speaker" class="polymorphism2.SonySpeaker"></bean>
	
	<bean id="tv" class="polymorphism2.GoogleTV" p:speaker-ref="speaker" p:price="1000000"></bean>

	<bean id="addressList" class="polymorphism2.CollectionBean">
		<property name="addressList">
			<props>
				<prop key="둘리">서울</prop>
				<prop key="도우너">광주</prop>
				<prop key="또치">강릉</prop>
			</props>
		</property>
	</bean>
-->

	<!-- IoC를 Annotation 기반으로 설정하겠다 : 컴포넌트 스캔 설정 -->
	<context:component-scan base-package="polymorphism2"/>
	
	
</beans>












