<?xml version="1.0" encoding="UTF-8"?>
<beans xmlns="http://www.springframework.org/schema/beans"
	xmlns:xsi="http://www.w3.org/2001/XMLSchema-instance"
	xmlns:context="http://www.springframework.org/schema/context"
	xmlns:aop="http://www.springframework.org/schema/aop"
	xmlns:tx="http://www.springframework.org/schema/tx"
	xsi:schemaLocation="http://www.springframework.org/schema/beans http://www.springframework.org/schema/beans/spring-beans.xsd
		http://www.springframework.org/schema/context http://www.springframework.org/schema/context/spring-context-3.0.xsd
		http://www.springframework.org/schema/aop http://www.springframework.org/schema/aop/spring-aop-3.0.xsd
		http://www.springframework.org/schema/tx http://www.springframework.org/schema/tx/spring-tx-3.0.xsd">
 
 	<!-- IoC에 대한 Annotation 설정 -->
 	<context:component-scan base-package="com.multicampus.biz"/>
 	
 	<!-- AOP에 대한 Annotation 설정 -->
 	<aop:aspectj-autoproxy/>
 	
	<!-- DataSource 클래스를 등록한다. -->
	<bean id="dataSource" 
	      class="org.apache.commons.dbcp.BasicDataSource" 
	      destroy-method="close">
		<property name="driverClassName" value="org.h2.Driver"/>
		<property name="url" 			 value="jdbc:h2:tcp://localhost/~/test"/>
		<property name="username" 		 value="sa"/>
		<property name="password" 		 value=""/>
	</bean>
	 	
 	<!-- JdbcTemplate 클래스를 등록한다. -->
 	<bean class="org.springframework.jdbc.core.JdbcTemplate">
 		<property name="dataSource" ref="dataSource"/>
 	</bean>
 	
 	<!-- Transaction 자동 관리 설정 -->
 	<bean id="txManager" class="org.springframework.jdbc.datasource.DataSourceTransactionManager">
 		<property name="dataSource" ref="dataSource"></property>
 	</bean>
 	
 	<tx:advice id="txAdvice" transaction-manager="txManager">
 		<tx:attributes>
 			<tx:method name="*" rollback-for="Exception"/>
 		</tx:attributes>
 	</tx:advice>
 	
 	<aop:config>
 		<aop:pointcut id="txPointcut" expression="execution(* com.multicampus.biz..*Impl.*(..))"/>
 		
 		<aop:advisor pointcut-ref="txPointcut" advice-ref="txAdvice"/>
 	</aop:config>
 	
 	<!-- Spring과 MyBatis 연동 설정 -->
 	<bean id="factoryBean" class="org.mybatis.spring.SqlSessionFactoryBean">
 		<property name="configLocation" value="classpath:mybatis-configuration.xml"></property>
 		<property name="dataSource" ref="dataSource"></property>
 	</bean>
 	
 	<bean class="org.mybatis.spring.SqlSessionTemplate">
 		<constructor-arg ref="factoryBean" />
 	</bean> 	
 	
 	<!-- 횡단관심에 해당하는 Advice 클래스를 등록한다. 
 	<bean id="advice" class="com.multicampus.biz.common.BoardAdvice"></bean>
 	-->
 	
 	<!-- AOP 설정 
 	<aop:config>
 		<aop:pointcut id="allPointcut" expression="execution(* com.multicampus.biz..*Impl.*(..))"/>
 		<aop:pointcut id="getPointcut" expression="execution(* com.multicampus.biz..*Impl.get*(..))"/>
 		
 		<aop:aspect ref="advice">
 			<aop:before pointcut-ref="allPointcut" method="printLog"/>
 			<aop:after-returning pointcut-ref="getPointcut" method="afterLog" returning="returnObj"/>
 			<aop:after-throwing pointcut-ref="allPointcut" method="exceptionLog" throwing="exceptionObj"/>
 			<aop:around pointcut-ref="allPointcut" method="aroundLog"/>
 		</aop:aspect>
 	</aop:config>
 	-->
 	
</beans>













