<?xml version="1.0" encoding="UTF-8"?>

<!DOCTYPE mapper PUBLIC "-//mybatis.org//DTD Mapper 3.0//EN"
"http://mybatis.org/dtd/mybatis-3-mapper.dtd">

<mapper namespace="UserDAO">

	<insert id="insertUser"></insert>
	
	<update id="updateUser"></update>
	
	<delete id="deleteUser"></delete>
	
	<select id="getUser" resultType="user">
	<![CDATA[
		select * 
		from users 
		where id = #{id} and password = #{password}
	]]>
	</select>
	
	<select id="getUserList" resultType="user"></select>
</mapper>





