<?xml version="1.0" encoding="UTF-8"?>
<beans xmlns="http://www.springframework.org/schema/beans"
	xmlns:xsi="http://www.w3.org/2001/XMLSchema-instance"
	xmlns:context="http://www.springframework.org/schema/context"
	xmlns:mvc="http://www.springframework.org/schema/mvc"
	xsi:schemaLocation="http://www.springframework.org/schema/mvc http://www.springframework.org/schema/mvc/spring-mvc-3.0.xsd
		http://www.springframework.org/schema/beans http://www.springframework.org/schema/beans/spring-beans.xsd
		http://www.springframework.org/schema/context http://www.springframework.org/schema/context/spring-context-3.0.xsd">

	<!-- Controller 클래스들을 등록한다 
	<bean id="login"        class="com.multicampus.controller.user.LoginController"></bean>
	<bean id="insertBoard"  class="com.multicampus.controller.board.InsertBoardController"></bean>
	<bean id="updateBoard"  class="com.multicampus.controller.board.UpdateBoardController"></bean>
	<bean id="deleteBoard"  class="com.multicampus.controller.board.DeleteBoardController"></bean>
	<bean id="getBoard"     class="com.multicampus.controller.board.GetBoardController"></bean>
	<bean id="getBoardList" class="com.multicampus.controller.board.GetBoardListController"></bean>
	-->
	
	<!-- HandlerMapping 클래스를 등록한다 
	<bean id="handlerMapping" class="org.springframework.web.servlet.handler.SimpleUrlHandlerMapping">
		<property name="mappings">
			<props>
				<prop key="/login.do">login</prop>
				<prop key="/insertBoard.do">insertBoard</prop>
				<prop key="/updateBoard.do">updateBoard</prop>
				<prop key="/deleteBoard.do">deleteBoard</prop>
				<prop key="/getBoard.do">getBoard</prop>
				<prop key="/getBoardList.do">getBoardList</prop>
			</props>
		</property>
	</bean>
	-->
	
	<!-- 컴포넌트 스캔 설정 -->
	<context:component-scan base-package="com.multicampus.controller"/>
	
	<!-- ViewResolver 등록 -->
	<bean id="viewResolver" class="org.springframework.web.servlet.view.InternalResourceViewResolver">
		<property name="prefix" value="/WEB-INF/board/"/>
		<property name="suffix" value=".jsp"/>
	</bean>
	
	<!-- MultipartResolver 등록 
	CommonsMultipartResolver 객체가 등록되어야 컨테이너가 이걸 이용해서 MultipartFile 객체를 생성할 수 있다. -->
	<bean id="multipartResolver" class="org.springframework.web.multipart.commons.CommonsMultipartResolver">
		<property name="maxUploadSize" value="-1"></property>
	</bean>
	
	<!-- ExceptionResolver 등록 -->
	<bean id="exceptionResolver" class="org.springframework.web.servlet.handler.SimpleMappingExceptionResolver">
		<property name="exceptionMappings">
			<props>
				<prop key="java.lang.ArithmeticException">commons/arithmeticError</prop>
				<prop key="java.lang.NullPointerException">commons/nullPointerError</prop>
			</props>
		</property>
		
		<property name="defaultErrorView" value="commons/error"></property>
	</bean>

	<!-- 다국어 설정 -->
	<bean id="messageSource" class="org.springframework.context.support.ResourceBundleMessageSource">
		<property name="basenames">
			<list>
				<value>message.messageSource</value>
			</list>
		</property>
	</bean>
	
	<bean id="localeResolver" class="org.springframework.web.servlet.i18n.SessionLocaleResolver"></bean>
	
	<mvc:interceptors>
		<bean class="org.springframework.web.servlet.i18n.LocaleChangeInterceptor">
			<property name="paramName" value="lang"></property>
		</bean>
	</mvc:interceptors>
		
	<!-- HttpMessageConverter를 등록한다. : 자바객체(VO)를 JSON으로 변환한다. -->
	<mvc:annotation-driven/>
	
</beans>


















